word	te	kn	hi	ta
dashboard	డ్యాష్‌బోర్డ్	ಡ್ಯಾಶ್‌ಬೋರ್ಡ್	डैशबोर्ड	டாஷ்போர்டு
customer	కస్టమర్	ಕಸ್ಟಮರ್	कस्टमर	கஸ்டமர்
customers	కస్టమర్స్	ಕಸ್ಟಮರ್ಸ್	कस्टमर्स	கஸ்டமர்ஸ்
painting	పెయింటింగ్	ಪೇಂಟಿಂಗ್	पेंटिंग	பெயிண்டிங்
quotation	కొటేషన్	ಕೊಟೇಷನ್	कोटेशन	கொட்டேஷன்
quotations	కొటేషన్స్	ಕೊಟೇಷನ್ಸ್	कोटेशन्स	கொட்டேஷன்ஸ்
invoice	ఇన్వాయిస్	ಇನ್‌ವಾಯ್ಸ್	इनवॉइस	இன்வாய்ஸ்
invoices	ఇన్వాయిసెస్	ಇನ್‌ವಾಯ್ಸಸ್	इनवॉइसेस	இன்வாய்சஸ்
save	సేవ్	ಸೇವ್	सेव	சேவ்
saving	సేవింగ్	ಸೇವಿಂಗ್	सेविंग	சேவிங்
saved	సేవ్డ్	ಸೇವ್ಡ್	सेव्ड	சேவ்ட்
download	డౌన్‌లోడ్	ಡೌನ್‌ಲೋಡ್	डाउनलोड	டவுன்லோட்
payment	పేమెంట్	ಪೇಮೆಂಟ್	पेमेंट	பேமெண்ட்
payments	పేమెంట్స్	ಪೇಮೆಂಟ್ಸ್	पेमेंट्स	பேமெண்ட்ஸ்
receipt	రిసీట్	ರಿಸೀಟ್	रिसीट	ரிசீட்
receipts	రిసీట్స్	ರಿಸೀಟ್ಸ್	रिसीट्स	ரிசீட்ஸ்
language	లాంగ్వేజ్	ಲ್ಯಾಂಗ್ವೇಜ್	लैंग्वेज	லேங்குவேஜ்
script	స్క్రిప్ట్	ಸ್ಕ್ರಿಪ್ಟ್	स्क्रिप्ट	ஸ்கிரிப்ட்
english	ఇంగ్లిష్	ಇಂಗ್ಲಿಷ್	इंग्लिश	இங்கிலிஷ்
words	వర్డ్స్	ವರ್ಡ್ಸ್	वर्ड्स	வேர்ட்ஸ்
displayed	డిస్‌ప్లేడ్	ಡಿಸ್‌ಪ್ಲೇಡ್	डिस्प्लेड	டிஸ்ப்ளேட்
selected	సెలెక్టెడ్	ಸೆಲೆಕ್ಟೆಡ್	सिलेक्टेड	செலெக்டட்
your	యువర్	ಯುವರ್	योर	யுவர்
in	ఇన్	ಇನ್	इन	இன்
the	ద	ದ	द	த
to	టు	ಟು	टू	டு
and	అండ్	ಅಂಡ್	ऐंड	அண்ட்
or	ఆర్	ಆರ್	ऑर	ஆர்
of	ఆఫ్	ಆಫ್	ऑफ	ஆஃப்
for	ఫర్	ಫರ್	फॉर	ஃபார்
with	విత్	ವಿತ್	विथ	வித்
is	ఇజ్	ಇಸ್	इज़	இஸ்
are	ఆర్	ಆರ್	आर	ஆர்
a	అ	ಅ	अ	அ
an	అన్	ಅನ್	ऐन	அன்
you	యు	ಯು	यू	யூ
my	మై	ಮೈ	माय	மை
we	వీ	ವೀ	वी	வீ
our	అవర్	ಅವರ್	आवर	அவர்
this	దిస్	ದಿಸ್	दिस	திஸ்
that	దాట్	ದಾಟ್	दैट	தாட்
these	దీజ్	ದೀಸ್	दीज़	தீஸ்
those	దోజ్	ದೋಸ್	दोज़	தோஸ்
from	ఫ్రమ్	ಫ್ರಮ್	फ्रॉम	ஃப்ரம்
at	అట్	ಅಟ್	ऐट	அட்
as	అజ్	ಅಸ್	ऐज़	அஸ்
on	ఆన్	ಆನ್	ऑन	ஆன்
by	బై	ಬೈ	बाय	பை
not	నాట్	ನಾಟ್	नॉट	நாட்
no	నో	ನೋ	नो	நோ
yes	యెస్	ಯೆಸ್	यस	யெஸ்
it	ఇట్	ಇಟ್	इट	இட்
be	బీ	ಬೀ	बी	பீ
will	విల్	ವಿಲ್	विल	வில்
can	క్యాన్	ಕ್ಯಾನ್	कैन	கேன்
only	ఓన్లీ	ಓನ್ಲಿ	ओनली	ஓன்லி
all	ఆల్	ಆಲ್	ऑल	ஆல்
new	న్యూ	ನ್ಯೂ	न्यू	நியூ
edit	ఎడిట్	ಎಡಿಟ್	एडिट	எடிட்
delete	డిలీట్	ಡಿಲೀಟ್	डिलीट	டிலீட்
cancel	క్యాన్సల్	ಕ್ಯಾನ್ಸಲ್	कैंसल	கேன்சல்
close	క్లోజ్	ಕ್ಲೋಸ್	क्लोज़	க்ளோஸ்
search	సెర్చ్	ಸರ್ಚ್	सर्च	சர்ச்
name	నేమ్	ನೇಮ್	नेम	நேம்
owner	ఓనర్	ಓನರ್	ओनर	ஓனர்
company	కంపెనీ	ಕಂಪನಿ	कंपनी	கம்பெனி
contractor	కాంట్రాక్టర్	ಕಾಂಟ್ರಾಕ್ಟರ್	कॉन्ट्रैक्टर	கான்ட்ராக்டர்
contractors	కాంట్రాక్టర్స్	ಕಾಂಟ್ರಾಕ್ಟರ್ಸ್	कॉन्ट्रैक्टर्स	கான்ட்ராக்டர்ஸ்
work	వర్క్	ವರ್ಕ್	वर्क	வொர்க்
works	వర్క్స్	ವರ್ಕ್ಸ್	वर्क्स	வொர்க்ஸ்
service	సర్వీస్	ಸರ್ವೀಸ್	सर्विस	சர்வீஸ்
services	సర్వీసెస్	ಸರ್ವೀಸಸ್	सर्विसेस	சர்வீசஸ்
property	ప్రాపర్టీ	ಪ್ರಾಪರ್ಟಿ	प्रॉपर्टी	ப்ராப்பர்டி
properties	ప్రాపర్టీస్	ಪ್ರಾಪರ್ಟೀಸ್	प्रॉपर्टीज़	ப்ராப்பர்டீஸ்
project	ప్రాజెక్ట్	ಪ್ರಾಜೆಕ್ಟ್	प्रोजेक्ट	ப்ராஜெக்ட்
projects	ప్రాజెక్ట్స్	ಪ್ರಾಜೆಕ್ಟ್ಸ್	प्रोजेक्ट्स	ப்ராஜெக்ட்ஸ்
area	ఏరియా	ಏರಿಯಾ	एरिया	ஏரியா
calculation	కాల్క్యులేషన్	ಕ್ಯಾಲ್ಕುಲೇಷನ್	कैलकुलेशन	கால்குலேஷன்
measurements	మెజర్‌మెంట్స్	ಮೆಷರ್‌ಮೆಂಟ್ಸ್	मेज़रमेंट्स	மெஷர்மெண்ட்ஸ்
measurement	మెజర్‌మెంట్	ಮೆಷರ್‌ಮೆಂಟ್	मेज़रमेंट	மெஷர்மெண்ட்
mobile	మొబైల్	ಮೊಬೈಲ್	मोबाइल	மொபைல்
number	నంబర్	ನಂಬರ್	नंबर	நம்பர்
email	ఈమెయిల్	ಇಮೇಲ್	ईमेल	ஈமெயில்
password	పాస్‌వర్డ్	ಪಾಸ್‌ವರ್ಡ್	पासवर्ड	பாஸ்வேர்டு
profile	ప్రొఫైల్	ಪ್ರೊಫೈಲ್	प्रोफाइल	ப்ரொஃபைல்
account	అకౌంట్	ಅಕೌಂಟ್	अकाउंट	அக்கவுண்ட்
settings	సెట్టింగ్స్	ಸೆಟ್ಟಿಂಗ್ಸ್	सेटिंग्स	செட்டிங்ஸ்
menu	మెనూ	ಮೆನು	मेन्यू	மெனு
home	హోమ్	ಹೋಮ್	होम	ஹோம்
support	సపోర్ట్	ಸಪೋರ್ಟ್	सपोर्ट	சப்போர்ட்
help	హెల్ప్	ಹೆಲ್ಪ್	हेल्प	ஹெல்ப்
contact	కాంటాక్ట్	ಕಾಂಟ್ಯಾಕ್ಟ್	कॉन्टैक्ट	கான்டாக்ட்
details	డీటెయిల్స్	ಡೀಟೇಲ್ಸ್	डीटेल्स	டீடெயில்ஸ்
amount	అమౌంట్	ಅಮೌಂಟ್	अमाउंट	அமவுண்ட்
total	టోటల్	ಟೋಟಲ್	टोटल	டோட்டல்
balance	బ్యాలెన్స్	ಬ್ಯಾಲೆನ್ಸ್	बैलेंस	பேலன்ஸ்
date	డేట్	ಡೇಟ್	डेट	டேட்
notes	నోట్స్	ನೋಟ್ಸ್	नोट्स	நோட்ஸ்
terms	టర్మ్స్	ಟರ್ಮ್ಸ್	टर्म्स	டெர்ம்ஸ்
conditions	కండిషన్స్	ಕಂಡಿಷನ್ಸ್	कंडीशन्स	கண்டிஷன்ஸ்
description	డిస్క్రిప్షన్	ಡಿಸ್ಕ್ರಿಪ್ಷನ್	डिस्क्रिप्शन	டிஸ்க்ரிப்ஷன்
quantity	క్వాంటిటీ	ಕ್ವಾಂಟಿಟಿ	क्वांटिटी	குவான்டிட்டி
rate	రేట్	ರೇಟ್	रेट	ரேட்
discount	డిస్కౌంట్	ಡಿಸ್ಕೌಂಟ್	डिस्काउंट	டிஸ்கவுண்ட்
tax	టాక్స్	ಟ್ಯಾಕ್ಸ್	टैक्स	டேக்ஸ்
subtotal	సబ్‌టోటల్	ಸಬ್‌ಟೋಟಲ್	सबटोटल	சப்டோட்டல்
grand	గ్రాండ్	ಗ್ರ್ಯಾಂಡ್	ग्रैंड	க்ரேண்ட்
paid	పెయిడ్	ಪೇಯ್ಡ್	पेड	பேட்
due	డ్యూ	ಡ್ಯೂ	ड्यू	ட்யூ
pending	పెండింగ్	ಪೆಂಡಿಂಗ್	पेंडिंग	பெண்டிங்
active	యాక్టివ్	ಆಕ್ಟಿವ್	ऐक्टिव	ஆக்டிவ்
draft	డ్రాఫ్ట్	ಡ್ರಾಫ್ಟ್	ड्राफ्ट	ட்ராஃப்ட்
sent	సెంట్	ಸೆಂಟ್	सेंट	சென்ட்
viewed	వ్యూడ్	ವ್ಯೂಡ್	व्यूड	வ்யூட்
accepted	అక్సెప్టెడ్	ಅಕ್ಸೆಪ್ಟೆಡ್	ऐक्सेप्टेड	அக்செப்டட்
approved	అప్రూవ్డ్	ಅಪ್ರೂವ್ಡ್	अप्रूव्ड	அப்ரூவ்ட்
rejected	రిజెక్టెడ్	ರಿಜೆಕ್ಟೆಡ್	रिजेक्टेड	ரிஜெக்டட்
declined	డిక్లైన్డ్	ಡಿಕ್ಲೈನ್ಡ್	डिक्लाइन्ड	டிக்ளைன்ட்
completed	కంప్లీటెడ్	ಕಂಪ್ಲೀಟೆಡ್	कम्प्लीटेड	கம்ப்ளீட்டட்
progress	ప్రోగ్రెస్	ಪ್ರೋಗ್ರೆಸ್	प्रोग्रेस	ப்ரோக்ரெஸ்
cancelled	కాన్సెల్డ్	ಕ್ಯಾನ್ಸಲ್ಡ್	कैंसल्ड	கேன்சல்ட்
scheduled	షెడ్యూల్డ్	ಶೆಡ್ಯೂಲ್ಡ್	शेड्यूल्ड	ஷெட்யூல்ட்
expired	ఎక్స్‌పైర్డ్	ಎಕ್ಸ್‌ಪೈರ್ಡ್	एक्सपायर्ड	எக்ஸ்பயர்ட்
blocked	బ్లాక్డ్	ಬ್ಲಾಕ್ಡ್	ब्लॉक्ड	ப்ளாக்ட்
connected	కనెక్టెడ్	ಕನೆಕ್ಟೆಡ್	कनेक्टेड	கனெக்டட்
verified	వెరిఫైడ్	ವೆರಿಫೈಡ್	वेरिफाइड	வெரிஃபைட்
saveable	సేవబుల్	ಸೇವಬಲ್	सेवेबल	சேவபிள்
downloaded	డౌన్‌లోడెడ్	ಡೌನ್‌ಲೋಡೆಡ್	डाउनलोडेड	டவுன்லோடட்
print	ప్రింట్	ಪ್ರಿಂಟ್	प्रिंट	ப்ரிண்ட்
preview	ప్రివ్యూ	ಪ್ರಿವ್ಯೂ	प्रीव्यू	ப்ரீவ்யூ
loading	లోడింగ్	ಲೋಡಿಂಗ್	लोडिंग	லோடிங்
please	ప్లీజ్	ಪ್ಲೀಸ್	प्लीज़	ப்ளீஸ்
try	ట్రై	ಟ್ರೈ	ट्राय	ட்ரை
again	అగెన్	ಅಗೆನ್	अगेन	அகென்
error	ఎరర్	ಎರರ್	एरर	எரர்
success	సక్సెస్	ಸಕ್ಸೆಸ್	सक्सेस	சக்செஸ்
message	మెసేజ్	ಮೆಸೇಜ್	मैसेज	மெசேஜ்
messages	మెసేజెస్	ಮೆಸೇಜಸ್	मैसेजेस	மெசேஜஸ்
notification	నోటిఫికేషన్	ನೋಟಿಫಿಕೇಷನ್	नोटिफिकेशन	நோட்டிஃபிகேஷன்
notifications	నోటిఫికేషన్స్	ನೋಟಿಫಿಕೇಷನ್ಸ್	नोटिफिकेशन्स	நோட்டிஃபிகேஷன்ஸ்
request	రిక్వెస్ట్	ರಿಕ್ವೆಸ್ಟ್	रिक्वेस्ट	ரிக்வெஸ்ட்
requests	రిక్వెస్ట్స్	ರಿಕ್ವೆಸ್ಟ್ಸ್	रिक्वेस्ट्स	ரிக்வெஸ்ட்ஸ்
accept	అక్సెప్ట్	ಅಕ್ಸೆಪ್ಟ್	ऐक्सेप्ट	அக்செப்ட்
decline	డిక్లైన్	ಡಿಕ್ಲೈನ್	डिक्लाइन	டிக்ளைன்
send	సెండ్	ಸೆಂಡ್	सेंड	சென்ட்
share	షేర్	ಶೇರ್	शेयर	ஷேர்
invite	ఇన్వైట్	ಇನ್‌ವೈಟ್	इनवाइट	இன்வைட்
join	జాయిన్	ಜಾಯಿನ್	जॉइन	ஜாயின்
connect	కనెక్ట్	ಕನೆಕ್ಟ್	कनेक्ट	கனெக்ட்
connection	కనెక్షన్	ಕನೆಕ್ಷನ್	कनेक्शन	கனெக்ஷன்
network	నెట్‌వర్క్	ನೆಟ್‌ವರ್ಕ್	नेटवर्क	நெட்வொர்க்
business	బిజినెస్	ಬಿಸಿನೆಸ್	बिज़नेस	பிசினஸ்
finance	ఫైనాన్స్	ಫೈನಾನ್ಸ್	फाइनैंस	ஃபைனான்ஸ்
room	రూమ్	ರೂಮ್	रूम	ரூம்
surface	సర్ఫేస్	ಸರ್ಫೇಸ್	सर्फेस	சர்ஃபேஸ்
length	లెంగ్త్	ಲೆಂಗ್ತ್	लेंग्थ	லெங்க்த்
width	విడ్త్	ವಿಡ್ತ್	विड्थ	விட்த்
height	హైట్	ಹೈಟ್	हाइट	ஹைட்
gross	గ్రోస్	ಗ್ರೋಸ್	ग्रोस	க்ரோஸ்
deduction	డిడక్షన్	ಡಿಡಕ್ಷನ್	डिडक्शन	டிடக்ஷன்
addition	అడిషన్	ಅಡಿಷನ್	ऐडिशन	அடிஷன்
net	నెట్	ನೆಟ್	नेट	நெட்
reference	రెఫరెన్స్	ರೆಫರೆನ್ಸ್	रेफरेंस	ரெஃபரென்ஸ்
mode	మోడ్	ಮೋಡ್	मोड	மோட்
page	పేజ్	ಪೇಜ್	पेज	பேஜ்
cash	క్యాష్	ಕ್ಯಾಶ್	कैश	கேஷ்
bank	బ్యాంక్	ಬ್ಯಾಂಕ್	बैंक	பேங்க்
transfer	ట్రాన్స్‌ఫర్	ಟ್ರಾನ್ಸ್‌ಫರ್	ट्रांसफर	ட்ரான்ஸ்ஃபர்
card	కార్డ్	ಕಾರ್ಡ್	कार्ड	கார்ட்
cheque	చెక్	ಚೆಕ್	चेक	செக்
other	అదర్	ಅದರ್	अदर	அதர்
wall	వాల్	ವಾಲ್	वॉल	வால்
ceiling	సీలింగ్	ಸೀಲಿಂಗ್	सीलिंग	சீலிங்
floor	ఫ్లోర్	ಫ್ಲೋರ್	फ्लोर	ஃப்ளோர்
door	డోర్	ಡೋರ್	डोर	டோர்
window	విండో	ವಿಂಡೋ	विंडो	விண்டோ
feet	ఫీట్	ಫೀಟ್	फीट	ஃபீட்
metres	మీటర్స్	ಮೀಟರ್ಸ್	मीटर्स	மீட்டர்ஸ்
meters	మీటర్స్	ಮೀಟರ್ಸ್	मीटर्स	மீட்டர்ஸ்
litres	లీటర్స్	ಲೀಟರ್ಸ್	लीटर्स	லிட்டர்ஸ்
square	స్క్వేర్	ಸ್ಕ್ವೇರ್	स्क्वेयर	ஸ்கொயர்
one	వన్	ವನ್	वन	வன்
two	టూ	ಟೂ	टू	டூ
three	త్రీ	ತ್ರೀ	थ्री	த்ரீ
four	ఫోర్	ಫೋರ್	फोर	ஃபோர்
five	ఫైవ్	ಫೈವ್	फाइव	ஃபைவ்
six	సిక్స్	ಸಿಕ್ಸ್	सिक्स	சிக்ஸ்
seven	సెవెన్	ಸೆವೆನ್	सेवन	செவன்
eight	ఎయిట్	ಏಯ್ಟ್	एट	எய்ட்
nine	నైన్	ನೈನ್	नाइन	நைன்
ten	టెన్	ಟೆನ್	टेन	டென்
eleven	ఇలెవెన్	ಇಲೆವೆನ್	इलेवन	இலெவன்
twelve	ట్వెల్వ్	ಟ್ವೆಲ್ವ್	ट्वेल्व	ட்வெல்வ்
thirteen	థర్టీన్	ಥರ್ಟೀನ್	थर्टीन	தர்டீன்
fourteen	ఫోర్టీన్	ಫೋರ್ಟೀನ್	फोर्टीन	ஃபோர்டீன்
fifteen	ఫిఫ్టీన్	ಫಿಫ್ಟೀನ್	फिफ्टीन	ஃபிஃப்டீன்
sixteen	సిక్స్‌టీన్	ಸಿಕ್ಸ್‌ಟೀನ್	सिक्सटीन	சிக்ஸ்டீன்
seventeen	సెవెంటీన్	ಸೆವೆಂಟೀನ್	सेवन्टीन	செவன்டீன்
eighteen	ఎయిటీన్	ಏಯ್ಟೀನ್	एटीन	எய்டீன்
nineteen	నైన్‌టీన్	ನೈನ್‌ಟೀನ್	नाइन्टीन	நைன்டீன்
twenty	ట్వెంటీ	ಟ್ವೆಂಟಿ	ट्वेंटी	ட்வெண்டி
thirty	థర్టీ	ಥರ್ಟಿ	थर्टी	தர்டி
forty	ఫోర్టీ	ಫೋರ್ಟಿ	फोर्टी	ஃபோர்டி
fifty	ఫిఫ్టీ	ಫಿಫ್ಟಿ	फिफ्टी	ஃபிஃப்டி
sixty	సిక్స్‌టీ	ಸಿಕ್ಸ್‌ಟಿ	सिक्सटी	சிக்ஸ்டி
seventy	సెవెంటీ	ಸೆವೆಂಟಿ	सेवन्टी	செவன்டி
eighty	ఎయిటీ	ಏಯ್ಟಿ	एटी	எய்டி
ninety	నైన్టీ	ನೈನ್ಟಿ	नाइंटी	நைன்டி
hundred	హండ్రెడ్	ಹಂಡ್ರೆಡ್	हंड्रेड	ஹண்ட்ரெட்
thousand	థౌజండ్	ಥೌಸಂಡ್	थाउज़ंड	தவுசண்ட்
lakh	లాక్	ಲಾಕ್	लाख	லாக்
crore	క్రోర్	ಕ್ರೋರ್	क्रोर	க்ரோர்
rupees	రూపీస్	ರೂಪೀಸ್	रुपीज़	ரூபீஸ்
paise	పైసే	ಪೈಸೆ	पैसे	பைசே
indian	ఇండియన్	ಇಂಡಿಯನ್	इंडियन	இந்தியன்
read	రీడ్	ರೀಡ್	रीड	ரீட்
live	లైవ్	ಲೈವ್	लाइव	லைவ்
changes	చేంజెస్	ಚೇಂಜಸ್	चेंजेस	சேஞ்சஸ்
use	యూజ్	ಯೂಸ್	यूज़	யூஸ்
current	కరెంట్	ಕರೆಂಟ್	करंट	கரன்ட்
address	అడ్రస్	ಅಡ್ರೆಸ್	ऐड्रेस	அட்ரெஸ்
enter	ఎంటర్	ಎಂಟರ್	एंटर	என்டர்
status	స్టేటస్	ಸ್ಟೇಟಸ್	स्टेटस	ஸ்டேடஸ்
package	ప్యాకేజ్	ಪ್ಯಾಕೇಜ್	पैकेज	பேக்கேஜ்
packages	ప్యాకేజెస్	ಪ್ಯಾಕೇಜಸ್	पैकेजेस	பேக்கேஜஸ்
before	బిఫోర్	ಬಿಫೋರ್	बिफोर	பிஃபோர்
added	యాడెడ్	ಆಡೆಡ್	ऐडेड	ஆடட்
optional	ఆప్షనల్	ಆಪ್ಷನಲ್	ऑप्शनल	ஆப்ஷனல்
required	రిక్వైర్డ్	ರಿಕ್ವೈರ್ಡ್	रिक्वायर्ड	ரிக்வையர்ட்
history	హిస్టరీ	ಹಿಸ್ಟರಿ	हिस्ट्री	ஹிஸ்டரி
next	నెక్స్ట్	ನೆಕ್ಸ್ಟ್	नेक्स्ट	நெக்ஸ்ட்
employee	ఎంప్లాయీ	ಎಂಪ್ಲಾಯೀ	एम्प्लॉयी	எம்ப்ளாயீ
employees	ఎంప్లాయీస్	ಎಂಪ್ಲಾಯೀಸ್	एम्प्लॉयीज़	எம்ப்ளாயீஸ்
what	వాట్	ವಾಟ್	वॉट	வாட்
data	డేటా	ಡೇಟಾ	डेटा	டேட்டா
records	రికార్డ్స్	ರೆಕಾರ್ಡ್ಸ್	रिकॉर्ड्स	ரெக்கார்ட்ஸ்
created	క్రియేటెడ్	ಕ್ರಿಯೇಟೆಡ್	क्रिएटेड	க்ரியேட்டட்
job	జాబ్	ಜಾಬ್	जॉब	ஜாப்
jobs	జాబ్స్	ಜಾಬ್ಸ್	जॉब्स	ஜாப்ஸ்
record	రికార్డ్	ರೆಕಾರ್ಡ್	रिकॉर्ड	ரெக்கார்ட்
when	వెన్	ವೆನ್	वेन	வென்
recovery	రికవరీ	ರಿಕವರಿ	रिकवरी	ரிகவரி
activity	యాక్టివిటీ	ಆಕ್ಟಿವಿಟಿ	ऐक्टिविटी	ஆக்டிவிட்டி
schedule	షెడ్యూల్	ಶೆಡ್ಯೂಲ್	शेड्यूल	ஷெட்யூல்
contacts	కాంటాక్ట్స్	ಕಾಂಟ್ಯಾಕ್ಟ್ಸ್	कॉन्टैक्ट्स	கான்டாக்ட்ஸ்
received	రిసీవ్డ్	ರಿಸೀವ್ಡ್	रिसीव्ड	ரிசீவ்ட்
today	టుడే	ಟುಡೇ	टुडे	டுடே
recorded	రికార్డెడ్	ರೆಕಾರ್ಡೆಡ್	रिकॉर्डेड	ரெக்கார்டட்
ticket	టికెట్	ಟಿಕೆಟ್	टिकट	டிக்கெட்
already	ఆల్రెడీ	ಆಲ್ರೆಡಿ	ऑलरेडी	ஆல்ரெடி
information	ఇన్ఫర్మేషన్	ಇನ್ಫರ್ಮೇಷನ್	इन्फॉर्मेशन	இன்ஃபர்மேஷன்
manage	మానేజ్	ಮ್ಯಾನೇಜ್	मैनेज	மேனேஜ்
years	ఇయర్స్	ಇಯರ್ಸ್	ईयर्स	இயர்ஸ்
lead	లీడ్	ಲೀಡ್	लीड	லீட்
leads	లీడ్స్	ಲೀಡ್ಸ್	लीड्स	லீட்ஸ்
availability	అవైలబిలిటీ	ಅವೈಲಬಿಲಿಟಿ	अवेलेबिलिटी	அவைலபிலிட்டி
was	వాజ్	ವಾಸ್	वॉज़	வாஸ்
requested	రిక్వెస్టెడ్	ರಿಕ್ವೆಸ್ಟೆಡ್	रिक्वेस्टेड	ரிக்வெஸ்டட்
below	బిలో	ಬಿಲೋ	बिलो	பிலோ
them	దెమ్	ದೆಮ್	देम	தெம்
view	వ్యూ	ವ್ಯೂ	व्यू	வ்யூ
viewing	వ్యూయింగ్	ವ್ಯೂಯಿಂಗ್	व्यूइंग	வ்யூயிங்
add	యాడ్	ಆಡ್	ऐड	ஆட்
change	చేంజ్	ಚೇಂಜ್	चेंज	சேஞ்ச்
updated	అప్‌డేటెడ్	ಅಪ್‌ಡೇಟೆಡ್	अपडेटेड	அப்டேட்டட்
update	అప్‌డేట్	ಅಪ್‌ಡೇಟ್	अपडेट	அப்டேட்
generated	జెనరేటెడ్	ಜೆನರೇಟೆಡ್	जेनेरेटेड	ஜெனரேட்டட்
document	డాక్యుమెంట్	ಡಾಕ್ಯುಮೆಂಟ್	डॉक्युमेंट	டாக்குமெண்ட்
documents	డాక్యుమెంట్స్	ಡಾಕ್ಯುಮೆಂಟ್ಸ್	डॉक्युमेंट्स	டாக்குமெண்ட்ஸ்
result	రిజల్ట్	ರಿಸಲ್ಟ್	रिज़ल्ट	ரிசல்ட்
results	రిజల్ట్స్	ರಿಸಲ್ಟ್ಸ್	रिज़ल्ट्स	ரிசல்ட்ஸ்
previous	ప్రీవియస్	ಪ್ರಿವಿಯಸ್	प्रीवियस	ப்ரீவியஸ்
first	ఫస్ట్	ಫಸ್ಟ್	फर्स्ट	ஃபர்ஸ்ட்
last	లాస్ట్	ಲಾಸ್ಟ್	लास्ट	லாஸ்ட்
clear	క్లియర్	ಕ್ಲಿಯರ್	क्लियर	க்ளியர்
filter	ఫిల్టర్	ಫಿಲ್ಟರ್	फिल्टर	ஃபில்டர்
filters	ఫిల్టర్స్	ಫಿಲ್ಟರ್ಸ್	फिल्टर्स	ஃபில்டர்ஸ்
welcome	వెల్కమ్	ವೆಲ್ಕಮ್	वेलकम	வெல்கம்
back	బ్యాక్	ಬ್ಯಾಕ್	बैक	பேக்
sign	సైన్	ಸೈನ್	साइन	சைன்
login	లాగిన్	ಲಾಗಿನ್	लॉगिन	லாகின்
logout	లాగౌట్	ಲಾಗೌಟ್	लॉगआउट	லாகவுட்
register	రిజిస్టర్	ರಿಜಿಸ್ಟರ್	रजिस्टर	ரெஜிஸ்டர்
verification	వెరిఫికేషన్	ವೆರಿಫಿಕೇಷನ್	वेरिफिकेशन	வெரிஃபிகேஷன்
confirm	కన్ఫర్మ్	ಕನ್ಫರ್ಮ್	कन्फर्म	கன்ஃபர்ம்
confirmation	కన్ఫర్మేషన్	ಕನ್ಫರ್ಮೇಷನ್	कन्फर्मेशन	கன்ஃபர்மேஷன்
preferences	ప్రిఫరెన్సెస్	ಪ್ರಿಫರೆನ್ಸಸ್	प्रेफरेंसेस	ப்ரெஃபரென்சஸ்
preference	ప్రిఫరెన్స్	ಪ್ರಿಫರೆನ್ಸ್	प्रेफरेंस	ப்ரெஃபரென்ஸ்
could	కుడ్	ಕುಡ್	कुड	குட்
should	షుడ్	ಶುಡ್	शुड	ஷுட்
would	వుడ్	ವುಡ್	वुड	வுட்
have	హావ్	ಹ್ಯಾವ್	हैव	ஹேவ்
has	హాజ్	ಹ್ಯಾಸ್	हैज़	ஹேஸ்
been	బీన్	ಬೀನ್	बीन	பீன்
being	బీయింగ్	ಬೀಯಿಂಗ್	बीइंग	பீயிங்
time	టైమ్	ಟೈಮ್	टाइम	டைம்
start	స్టార్ట్	ಸ್ಟಾರ್ಟ್	स्टार्ट	ஸ்டார்ட்
end	ఎండ్	ಎಂಡ್	एंड	என்ட்
continue	కంటిన్యూ	ಕಂಟಿನ್ಯೂ	कंटिन्यू	கன்டின்யூ
default	డిఫాల్ట్	ಡಿಫಾಲ್ಟ್	डिफॉल्ट	டிஃபால்ட்
available	అవైలబుల్	ಅವೈಲಬಲ್	अवेलेबल	அவைலபிள்
unavailable	అనవైలబుల్	ಅನವೈಲಬಲ್	अनअवेलेबल	அன்அவைலபிள்
unread	అన్‌రీడ్	ಅನ್‌ರೀಡ್	अनरीड	அன்ரீட்
successfully	సక్సెస్‌ఫుల్లీ	ಸಕ್ಸೆಸ್‌ಫುಲ್ಲಿ	सक्सेसफुली	சக்செஸ்ஃபுல்லி
location	లొకేషన్	ಲೊಕೇಷನ್	लोकेशन	லொகேஷன்
locations	లొకేషన్స్	ಲೊಕೇಷನ್ಸ್	लोकेशन्स	லொகேஷன்ஸ்
distance	డిస్టన్స్	ಡಿಸ್ಟನ್ಸ್	डिस्टेंस	டிஸ்டன்ஸ்
waterproofing	వాటర్‌ప్రూఫింగ్	ವಾಟರ್‌ಪ್ರೂಫಿಂಗ್	वॉटरप्रूफिंग	வாட்டர்ப்ரூஃபிங்
electrical	ఎలక్ట్రికల్	ಎಲೆಕ್ಟ್ರಿಕಲ್	इलेक्ट्रिकल	எலக்ட்ரிக்கல்
plumbing	ప్లంబింగ్	ಪ್ಲಂಬಿಂಗ್	प्लंबिंग	ப்ளம்பிங்
carpentry	కార్పెంట్రీ	ಕಾರ್ಪೆಂಟ್ರಿ	कार्पेंट्री	கார்பென்ட்ரி
cleaning	క్లీనింగ్	ಕ್ಲೀನಿಂಗ್	क्लीनिंग	க்ளீனிங்
flooring	ఫ్లోరింగ్	ಫ್ಲೋರಿಂಗ್	फ्लोरिंग	ஃப்ளோரிங்
interior	ఇంటీరియర్	ಇಂಟೀರಿಯರ್	इंटीरियर	இன்டீரியர்
exterior	ఎక్స్‌టీరియర్	ಎಕ್ಸ್‌ಟೀರಿಯರ್	एक्सटीरियर	எக்ஸ்டீரியர்
putty	పుట్టీ	ಪುಟ್ಟಿ	पुट्टी	புட்டி
can't	కాంట్	ಕ್ಯಾಂಟ್	कैंट	கேன்ட்
don't	డోంట్	ಡೋಂಟ್	डोंट	டோன்ட்
doesn't	డజంట్	ಡಸಂಟ್	डज़न्ट	டசன்ட்
didn't	డిడంట్	ಡಿಡಂಟ್	डिडन्ट	டிடன்ட்
it's	ఇట్స్	ಇಟ್ಸ್	इट्स	இட்ஸ்
you're	యువర్	ಯುವರ್	योर	யுவர்
you've	యూవ్	ಯೂವ್	यूव	யூவ்
we're	వీర్	ವೀರ್	वीर	வீர்
they're	దేర్	ದೇರ್	देयर	தேர்
won't	వోంట్	ವೋಂಟ್	वोंट	வோன்ட்
isn't	ఇజంట్	ಇಸಂಟ್	इज़न्ट	இசன்ட்
aren't	ఆర్న్ట్	ಆರ್ನ್ಟ್	आर्न्ट	ஆர்ன்ட்
unit	యూనిట్	ಯೂನಿಟ್	यूनिट	யூனிட்
surfaces	సర్ఫేసెస్	ಸರ್ಫೇಸಸ್	सर्फेसेस	சர்ஃபேசஸ்
included	ఇన్‌క్లూడెడ్	ಇನ್‌ಕ್ಲೂಡೆಡ್	इन्क्लूडेड	இன்க்ளூடட்
schedules	షెడ్యూల్స్	ಶೆಡ್ಯೂಲ್ಸ್	शेड्यूल्स	ஷெட்யூல்ஸ்
general	జెనరల్	ಜೆನರಲ್	जनरल	ஜெனரல்
additional	అడిషనల్	ಅಡಿಷನಲ್	ऐडिशनल	அடிஷனல்
reviews	రివ్యూస్	ರಿವ್ಯೂಸ್	रिव्यूज़	ரிவ்யூஸ்
preferred	ప్రిఫర్డ్	ಪ್ರಿಫರ್ಡ್	प्रेफर्ड	ப்ரெஃபர்ட்
notice	నోటిస్	ನೋಟಿಸ್	नोटिस	நோட்டிஸ்
separate	సెపరేట్	ಸೆಪರೇಟ್	सेपरेट	செப்பரேட்
reply	రిప్లై	ರಿಪ್ಲೈ	रिप्लाय	ரிப்ளை
report	రిపోర్ట్	ರಿಪೋರ್ಟ್	रिपोर्ट	ரிப்போர்ட்
cannot	కానాట్	ಕ್ಯಾನಾಟ್	कैनॉट	கேனாட்
estimates	ఎస్టిమేట్స్	ಎಸ್ಟಿಮೇಟ್ಸ್	एस्टिमेट्स	எஸ்டிமேட்ஸ்
reject	రిజెక్ట్	ರಿಜೆಕ್ಟ್	रिजेक्ट	ரிஜெக்ட்
digit	డిజిట్	ಡಿಜಿಟ್	डिजिट	டிஜிட்
without	వితౌట్	ವಿತೌಟ್	विथआउट	விதவுட்
statuses	స్టేటసెస్	ಸ್ಟೇಟಸಸ್	स्टेटसेस	ஸ்டேடசஸ்
color	కలర్	ಕಲರ್	कलर	கலர்
every	ఎవ్రీ	ಎವ್ರಿ	एव्री	எவ்ரி
digital	డిజిటల్	ಡಿಜಿಟಲ್	डिजिटल	டிஜிட்டல்
image	ఇమేజ్	ಇಮೇಜ್	इमेज	இமேஜ்
enable	ఎనేబుల్	ಎನೇಬಲ್	एनेबल	எனேபிள்
estimated	ఎస్టిమేటెడ్	ಎಸ್ಟಿಮೇಟೆಡ್	एस्टिमेटेड	எஸ்டிமேட்டட்
remain	రిమేన్	ರಿಮೇನ್	रिमेन	ரிமேன்
editing	ఎడిటింగ్	ಎಡಿಟಿಂಗ್	एडिटिंग	எடிட்டிங்
revenue	రెవెన్యూ	ರೆವೆನ್ಯೂ	रेवेन्यू	ரெவின்யூ
preparing	ప్రిపేరింగ్	ಪ್ರಿಪೇರಿಂಗ್	प्रिपेयरिंग	ப்ரிபேரிங்
separately	సెపరేట్లీ	ಸೆಪರೇಟ್ಲಿ	सेपरेटली	செப்பரேட்லி
response	రెస్పాన్స్	ರೆಸ್ಪಾನ್ಸ್	रिस्पॉन्स	ரெஸ்பான்ஸ்
against	అగెన్స్ట్	ಅಗೆನ್ಸ್ಟ್	अगेन्स्ट	அகென்ஸ்ட்
respond	రెస్పాండ్	ರೆಸ್ಪಾಂಡ್	रिस्पॉन्ड	ரெஸ்பான்ட்
people	పీపుల్	ಪೀಪಲ್	पीपल	பீப்பிள்
overview	ఓవర్‌వ్యూ	ಓವರ್‌ವ್ಯೂ	ओवरव्यू	ஓவர்வ்யூ
communication	కమ్యూనికేషన్	ಕಮ್ಯೂನಿಕೇಷನ್	कम्युनिकेशन	கம்யூனிகேஷன்
administration	అడ్మినిస్ట్రేషన్	ಅಡ್ಮಿನಿಸ್ಟ್ರೇಷನ್	ऐडमिनिस्ट्रेशन	அட்மினிஸ்ட்ரேஷன்
sales	సేల్స్	ಸೇಲ್ಸ್	सेल्स	சேல்ஸ்
management	మేనేజ్‌మెంట్	ಮ್ಯಾನೇಜ್‌ಮೆಂಟ್	मैनेजमेंट	மேனேஜ்மெண்ட்
setup	సెటప్	ಸೆಟಪ್	सेटअप	செட்டப்
board	బోర్డ్	ಬೋರ್ಡ್	बोर्ड	போர்ட்
more	మోర్	ಮೋರ್	मोर	மோர்
brand	బ్రాండ్	ಬ್ರ್ಯಾಂಡ್	ब्रैंड	ப்ரேண்ட்
material	మెటీరియల్	ಮೆಟೀರಿಯಲ್	मटीरियल	மெட்டீரியல்
coats	కోట్స్	ಕೋಟ್ಸ್	कोट्स	கோட்ஸ்
copy	కాపీ	ಕಾಪಿ	कॉपी	காப்பி
copied	కాపీడ్	ಕಾಪೀಡ್	कॉपीड	காப்பிட்
done	డన్	ಡನ್	डन	டன்
loaded	లోడెడ్	ಲೋಡೆಡ್	लोडेड	லோடட்
painter	పెయింటర్	ಪೇಂಟರ್	पेंटर	பெயிண்டர்
painters	పెయింటర్స్	ಪೇಂಟರ್ಸ್	पेंटर्स	பெயிண்டர்ஸ்
